{
  "outage_duration_hours": 4.0,
  "critical_load_served_percent": 100.0,
  "load_shed_events": 48,
  "max_shed_load_kw": 225.0807696932725,
  "avg_shed_load_kw": 225.0807696932725,
  "total_shed_energy_kwh": 900.3230787730901,
  "min_battery_soc_percent": 10.000000000000163,
  "battery_cycles": 0.36923076923076875,
  "gen1_runtime_hours": 3.9166666666666665,
  "gen1_fuel_consumed_liters": 349.197080291971,
  "gen2_runtime_hours": 3.9166666666666665,
  "gen2_fuel_consumed_liters": 448.5,
  "total_generator_runtime_hours": 7.833333333333333,
  "total_fuel_consumed_liters": 797.697080291971,
  "survived_full_outage": false,
  "survival_time_hours": 4.0,
  "total_load_energy_kwh": 13818.779859647977,
  "total_pv_energy_kwh": 2153.4,
  "total_grid_energy_kwh": 7629.0764193959085,
  "pv_penetration_percent": 15.5831413617646,
  "critical_load_never_shed": true,
  "max_non_critical_shed_percent": 80.38598917616875
}