{
  "outage_duration_hours": 2.0,
  "critical_load_served_percent": 95.0,
  "load_shed_events": 24,
  "max_shed_load_kw": 581.2413105365382,
  "avg_shed_load_kw": 581.2413105365382,
  "total_shed_energy_kwh": 1162.4826210730764,
  "ac_outage_minutes": 1085.0,
  "ev_charging_blocked_minutes": 1070.0,
  "percent_time_ac_unavailable": 904.1666666666666,
  "percent_time_ev_blocked": 891.6666666666666,
  "min_battery_soc_percent": 15.002399018083645,
  "battery_cycles": 0.5195666556960145,
  "gen1_runtime_hours": 1.9166666666666667,
  "gen1_fuel_consumed_liters": 144.655781264454,
  "generator_used": true,
  "survived_full_outage": false,
  "survival_time_hours": 2.0,
  "comfort_score": 0,
  "total_load_energy_kwh": 9315.128349850063,
  "total_pv_energy_kwh": 1101.65355,
  "total_grid_energy_kwh": 7150.332110504858,
  "pv_penetration_percent": 11.826498880369504,
  "critical_load_protected": false,
  "max_non_critical_shed_percent": 121.09193969511212
}