{
  "scenario": "night_outage",
  "duration_hours": 24,
  "city_summary": {
    "status": "critical",
    "total_load_kw": 1712.7768809681666,
    "total_available_kw": 461.7609039693514,
    "load_served_kw": 836.0000000000002,
    "load_shed_kw": 876.7768809681663,
    "critical_load_served_kw": 880.0,
    "critical_load_total_kw": 880.0,
    "resilience_score": 0.8464288797839403
  },
  "coordination_points": 288
}