{
  "night_outage": {
    "outage_duration_hours": 2.0,
    "critical_load_served_percent": 95.0,
    "load_shed_events": 24,
    "max_shed_load_kw": 581.2413105365382,
    "avg_shed_load_kw": 581.2413105365382,
    "total_shed_energy_kwh": 1162.4826210730764,
    "ac_outage_minutes": 1085.0,
    "ev_charging_blocked_minutes": 1070.0,
    "percent_time_ac_unavailable": 904.1666666666666,
    "percent_time_ev_blocked": 891.6666666666666,
    "min_battery_soc_percent": 15.002399018083645,
    "battery_cycles": 0.5195666556960145,
    "gen1_runtime_hours": 1.9166666666666667,
    "gen1_fuel_consumed_liters": 144.655781264454,
    "generator_used": true,
    "survived_full_outage": false,
    "survival_time_hours": 2.0,
    "comfort_score": 0,
    "total_load_energy_kwh": 9315.128349850063,
    "total_pv_energy_kwh": 1101.65355,
    "total_grid_energy_kwh": 7150.332110504858,
    "pv_penetration_percent": 11.826498880369504,
    "critical_load_protected": false,
    "max_non_critical_shed_percent": 121.09193969511212
  },
  "evening_peak_outage": {
    "outage_duration_hours": 6.0,
    "critical_load_served_percent": 95.0,
    "load_shed_events": 72,
    "max_shed_load_kw": 520.4812740001395,
    "avg_shed_load_kw": 520.4812740001395,
    "total_shed_energy_kwh": 3122.8876440008366,
    "ac_outage_minutes": 1085.0,
    "ev_charging_blocked_minutes": 1060.0,
    "percent_time_ac_unavailable": 301.38888888888886,
    "percent_time_ev_blocked": 294.44444444444446,
    "min_battery_soc_percent": 15.000000000001833,
    "battery_cycles": 0.512064567005943,
    "gen1_runtime_hours": 5.916666666666667,
    "gen1_fuel_consumed_liters": 479.7603891422586,
    "generator_used": true,
    "survived_full_outage": false,
    "survival_time_hours": 6.0,
    "comfort_score": 0,
    "total_load_energy_kwh": 9346.442331451033,
    "total_pv_energy_kwh": 1101.65355,
    "total_grid_energy_kwh": 4585.534055876772,
    "pv_penetration_percent": 11.786875807203193,
    "critical_load_protected": false,
    "max_non_critical_shed_percent": 108.43359875002905
  },
  "extended_outage": {
    "outage_duration_hours": 22.0,
    "critical_load_served_percent": 100.0,
    "load_shed_events": 264,
    "max_shed_load_kw": 135.14272490559821,
    "avg_shed_load_kw": 135.14272490559824,
    "total_shed_energy_kwh": 2973.1399479231613,
    "ac_outage_minutes": 1800.0,
    "ev_charging_blocked_minutes": 1760.0,
    "percent_time_ac_unavailable": 136.36363636363635,
    "percent_time_ev_blocked": 133.33333333333331,
    "min_battery_soc_percent": 15.000000000000002,
    "battery_cycles": 0.5015815549197575,
    "gen1_runtime_hours": 21.333333333333332,
    "gen1_fuel_consumed_liters": 1509.828793291402,
    "generator_used": true,
    "survived_full_outage": false,
    "survival_time_hours": 22.0,
    "comfort_score": 0,
    "total_load_energy_kwh": 13168.262460137455,
    "total_pv_energy_kwh": 1645.0494125000002,
    "total_grid_energy_kwh": 3321.6153215272507,
    "pv_penetration_percent": 12.492532082192632,
    "critical_load_protected": true,
    "max_non_critical_shed_percent": 28.154734355332963
  },
  "morning_peak_outage": {
    "outage_duration_hours": 17.0,
    "critical_load_served_percent": 100.0,
    "load_shed_events": 204,
    "max_shed_load_kw": 406.7917694289042,
    "avg_shed_load_kw": 406.79176942890433,
    "total_shed_energy_kwh": 6915.460080291373,
    "ac_outage_minutes": 1080.0,
    "ev_charging_blocked_minutes": 1060.0,
    "percent_time_ac_unavailable": 105.88235294117648,
    "percent_time_ev_blocked": 103.921568627451,
    "min_battery_soc_percent": 15.000000000000002,
    "battery_cycles": 0.3459267282484385,
    "gen1_runtime_hours": 16.75,
    "gen1_fuel_consumed_liters": 1129.0475328225693,
    "generator_used": true,
    "survived_full_outage": false,
    "survival_time_hours": 17.0,
    "comfort_score": 0,
    "total_load_energy_kwh": 9320.831281242248,
    "total_pv_energy_kwh": 1101.65355,
    "total_grid_energy_kwh": 1692.967915333526,
    "pv_penetration_percent": 11.819262861425548,
    "critical_load_protected": true,
    "max_non_critical_shed_percent": 84.74828529768837
  },
  "normal_operation": {
    "total_load_energy_kwh": 28067.669480140747,
    "total_pv_energy_kwh": 3304.9606499999995,
    "total_grid_energy_kwh": 25258.926352975883,
    "pv_penetration_percent": 11.774973523677914,
    "critical_load_protected": true,
    "max_non_critical_shed_percent": 0.0
  }
}