{
  "outage_duration_hours": 10.0,
  "critical_load_served_percent": 43.79864206527441,
  "load_shed_events": 120,
  "max_shed_load_kw": 221.90093047520259,
  "avg_shed_load_kw": 221.90093047520259,
  "min_battery_soc_percent": 20.000002369004715,
  "battery_cycles": 0.2699999893394789,
  "generator_runtime_hours": 9.916666666666666,
  "generator_fuel_consumed_liters": 1025.5498192767786,
  "survival_time_hours": 10.0,
  "survived_full_outage": false,
  "total_load_energy_kwh": 9133.415681917326,
  "total_pv_energy_kwh": 3230.1,
  "total_grid_energy_kwh": 1170.1965549176205,
  "pv_penetration_percent": 35.36573952716366
}