{
  "scenario": "extended_outage",
  "duration_hours": 36,
  "city_summary": {
    "status": "degraded",
    "total_load_kw": 2239.491814624513,
    "total_available_kw": 1604.6446299215788,
    "load_served_kw": 1604.6446299215788,
    "load_shed_kw": 634.8471847029343,
    "critical_load_served_kw": 880.0,
    "critical_load_total_kw": 880.0,
    "resilience_score": 0.9149565297952147
  },
  "coordination_points": 432
}