{
  "outage_duration_hours": 6.0,
  "critical_load_served_percent": 95.0,
  "load_shed_events": 72,
  "max_shed_load_kw": 520.4812740001395,
  "avg_shed_load_kw": 520.4812740001395,
  "total_shed_energy_kwh": 3122.8876440008366,
  "ac_outage_minutes": 1085.0,
  "ev_charging_blocked_minutes": 1060.0,
  "percent_time_ac_unavailable": 301.38888888888886,
  "percent_time_ev_blocked": 294.44444444444446,
  "min_battery_soc_percent": 15.000000000001833,
  "battery_cycles": 0.512064567005943,
  "gen1_runtime_hours": 5.916666666666667,
  "gen1_fuel_consumed_liters": 479.7603891422586,
  "generator_used": true,
  "survived_full_outage": false,
  "survival_time_hours": 6.0,
  "comfort_score": 0,
  "total_load_energy_kwh": 9346.442331451033,
  "total_pv_energy_kwh": 1101.65355,
  "total_grid_energy_kwh": 4585.534055876772,
  "pv_penetration_percent": 11.786875807203193,
  "critical_load_protected": false,
  "max_non_critical_shed_percent": 108.43359875002905
}