{
  "outage_duration_hours": 9.0,
  "critical_load_served_percent": 95.0,
  "load_shed_events": 108,
  "max_shed_load_kw": 550.7659051663479,
  "avg_shed_load_kw": 550.7659051663478,
  "total_shed_energy_kwh": 4956.893146497131,
  "min_battery_soc_percent": 10.000000000000618,
  "battery_cycles": 0.3407052029885767,
  "gen1_runtime_hours": 8.916666666666666,
  "gen1_fuel_consumed_liters": 525.2838724978526,
  "gen2_runtime_hours": 8.916666666666666,
  "gen2_fuel_consumed_liters": 1051.5539968977355,
  "total_generator_runtime_hours": 17.833333333333332,
  "total_fuel_consumed_liters": 1576.837869395588,
  "survived_full_outage": false,
  "survival_time_hours": 9.0,
  "total_load_energy_kwh": 18397.161842286878,
  "total_pv_energy_kwh": 3256.5204,
  "total_grid_energy_kwh": 7815.576888022204,
  "pv_penetration_percent": 17.70121080586849,
  "critical_load_never_shed": false,
  "max_non_critical_shed_percent": 119.73171851442346
}