{
  "outage_duration_hours": 10.0,
  "critical_load_served_percent": 100.0,
  "load_shed_events": 120,
  "max_shed_load_kw": 432.9542638878178,
  "avg_shed_load_kw": 432.95426388781766,
  "total_shed_energy_kwh": 4329.542638878177,
  "min_battery_soc_percent": 10.000000000000002,
  "battery_cycles": 0.32404006597089363,
  "gen1_runtime_hours": 9.916666666666666,
  "gen1_fuel_consumed_liters": 570.8534927510171,
  "gen2_runtime_hours": 9.916666666666666,
  "gen2_fuel_consumed_liters": 1132.4708500400427,
  "total_generator_runtime_hours": 19.833333333333332,
  "total_fuel_consumed_liters": 1703.3243427910597,
  "survived_full_outage": false,
  "survival_time_hours": 10.0,
  "total_load_energy_kwh": 18399.096019971937,
  "total_pv_energy_kwh": 3256.5204,
  "total_grid_energy_kwh": 7063.002854557534,
  "pv_penetration_percent": 17.69934999233167,
  "critical_load_never_shed": true,
  "max_non_critical_shed_percent": 94.1204921495256
}