{
  "outage_duration_hours": 4.0,
  "critical_load_served_percent": 95.0,
  "load_shed_events": 48,
  "max_shed_load_kw": 562.6659859652278,
  "avg_shed_load_kw": 562.6659859652278,
  "total_shed_energy_kwh": 2250.6639438609113,
  "min_battery_soc_percent": 10.000000000000002,
  "battery_cycles": 0.32562500625617846,
  "gen1_runtime_hours": 3.9166666666666665,
  "gen1_fuel_consumed_liters": 243.26923076923092,
  "gen2_runtime_hours": 3.9166666666666665,
  "gen2_fuel_consumed_liters": 459.99999999999994,
  "total_generator_runtime_hours": 7.833333333333333,
  "total_fuel_consumed_liters": 703.2692307692308,
  "survived_full_outage": false,
  "survival_time_hours": 4.0,
  "total_load_energy_kwh": 18417.330429127018,
  "total_pv_energy_kwh": 3256.5204,
  "total_grid_energy_kwh": 11226.855541763127,
  "pv_penetration_percent": 17.681826432618113,
  "critical_load_never_shed": false,
  "max_non_critical_shed_percent": 122.31869260113648
}