{
  "outage_duration_hours": 25.666666666666668,
  "critical_load_served_percent": 59.00158221220241,
  "load_shed_events": 308,
  "max_shed_load_kw": 127.4033361259485,
  "avg_shed_load_kw": 127.4033361259485,
  "min_battery_soc_percent": 20.00251661529095,
  "battery_cycles": 0.36589423585894404,
  "generator_runtime_hours": 25.583333333333332,
  "generator_fuel_consumed_liters": 1895.4325333308761,
  "survival_time_hours": 25.666666666666668,
  "survived_full_outage": false,
  "total_load_energy_kwh": 18330.605619310943,
  "total_pv_energy_kwh": 6460.2,
  "total_grid_energy_kwh": 598.3256434668205,
  "pv_penetration_percent": 35.242698109190144
}