{
  "outage_duration_hours": 17.0,
  "critical_load_served_percent": 100.0,
  "load_shed_events": 204,
  "max_shed_load_kw": 406.7917694289042,
  "avg_shed_load_kw": 406.79176942890433,
  "total_shed_energy_kwh": 6915.460080291373,
  "ac_outage_minutes": 1080.0,
  "ev_charging_blocked_minutes": 1060.0,
  "percent_time_ac_unavailable": 105.88235294117648,
  "percent_time_ev_blocked": 103.921568627451,
  "min_battery_soc_percent": 15.000000000000002,
  "battery_cycles": 0.3459267282484385,
  "gen1_runtime_hours": 16.75,
  "gen1_fuel_consumed_liters": 1129.0475328225693,
  "generator_used": true,
  "survived_full_outage": false,
  "survival_time_hours": 17.0,
  "comfort_score": 0,
  "total_load_energy_kwh": 9320.831281242248,
  "total_pv_energy_kwh": 1101.65355,
  "total_grid_energy_kwh": 1692.967915333526,
  "pv_penetration_percent": 11.819262861425548,
  "critical_load_protected": true,
  "max_non_critical_shed_percent": 84.74828529768837
}