{
  "outage_duration_hours": 26.0,
  "critical_load_served_percent": 100.0,
  "load_shed_events": 312,
  "max_shed_load_kw": 420.9052702406725,
  "avg_shed_load_kw": 420.9052702406725,
  "total_shed_energy_kwh": 10943.537026257483,
  "min_battery_soc_percent": 10.000000000000002,
  "battery_cycles": 0.3464740394500133,
  "gen1_runtime_hours": 25.916666666666668,
  "gen1_fuel_consumed_liters": 1424.2106369139065,
  "gen2_runtime_hours": 25.916666666666668,
  "gen2_fuel_consumed_liters": 2573.7200771985617,
  "total_generator_runtime_hours": 51.833333333333336,
  "total_fuel_consumed_liters": 3997.930714112468,
  "survived_full_outage": false,
  "survival_time_hours": 26.0,
  "total_load_energy_kwh": 27451.71652162254,
  "total_pv_energy_kwh": 4862.794300000001,
  "total_grid_energy_kwh": 5635.300699407155,
  "pv_penetration_percent": 17.713989929080707,
  "critical_load_never_shed": true,
  "max_non_critical_shed_percent": 91.50114570449402
}