{
  "outage_duration_hours": 5.583333333333333,
  "critical_load_served_percent": 95.0,
  "load_shed_events": 67,
  "max_shed_load_kw": 293.4687558898539,
  "avg_shed_load_kw": 293.46875588985404,
  "total_shed_energy_kwh": 1638.5338870516846,
  "min_battery_soc_percent": 10.000000611429469,
  "battery_cycles": 0.3692307664087874,
  "gen1_runtime_hours": 5.5,
  "gen1_fuel_consumed_liters": 450.1320993872787,
  "gen2_runtime_hours": 5.5,
  "gen2_fuel_consumed_liters": 612.8148125675976,
  "total_generator_runtime_hours": 11.0,
  "total_fuel_consumed_liters": 1062.9469119548762,
  "survived_full_outage": false,
  "survival_time_hours": 5.583333333333333,
  "total_load_energy_kwh": 13829.62538485521,
  "total_pv_energy_kwh": 2153.4,
  "total_grid_energy_kwh": 4345.556967260343,
  "pv_penetration_percent": 15.570920687108295,
  "critical_load_never_shed": false,
  "max_non_critical_shed_percent": 104.81026996066211
}