{
  "daytime_outage": {
    "outage_duration_hours": 10.0,
    "critical_load_served_percent": 43.79864206527441,
    "load_shed_events": 120,
    "max_shed_load_kw": 221.90093047520259,
    "avg_shed_load_kw": 221.90093047520259,
    "min_battery_soc_percent": 20.000002369004715,
    "battery_cycles": 0.2699999893394789,
    "generator_runtime_hours": 9.916666666666666,
    "generator_fuel_consumed_liters": 1025.5498192767786,
    "survival_time_hours": 10.0,
    "survived_full_outage": false,
    "total_load_energy_kwh": 9133.415681917326,
    "total_pv_energy_kwh": 3230.1,
    "total_grid_energy_kwh": 1170.1965549176205,
    "pv_penetration_percent": 35.36573952716366
  },
  "night_outage": {
    "outage_duration_hours": 4.0,
    "critical_load_served_percent": 37.04931148307707,
    "load_shed_events": 48,
    "max_shed_load_kw": 189.0546804461232,
    "avg_shed_load_kw": 189.05468044612323,
    "min_battery_soc_percent": 20.115209633331784,
    "battery_cycles": 0.29059105758546155,
    "generator_runtime_hours": 3.9166666666666665,
    "generator_fuel_consumed_liters": 341.49819084405254,
    "survival_time_hours": 4.0,
    "survived_full_outage": false,
    "total_load_energy_kwh": 9128.451831648019,
    "total_pv_energy_kwh": 3230.1,
    "total_grid_energy_kwh": 3717.6252664294684,
    "pv_penetration_percent": 35.38497063435618
  },
  "extended_outage": {
    "outage_duration_hours": 25.666666666666668,
    "critical_load_served_percent": 59.00158221220241,
    "load_shed_events": 308,
    "max_shed_load_kw": 127.4033361259485,
    "avg_shed_load_kw": 127.4033361259485,
    "min_battery_soc_percent": 20.00251661529095,
    "battery_cycles": 0.36589423585894404,
    "generator_runtime_hours": 25.583333333333332,
    "generator_fuel_consumed_liters": 1895.4325333308761,
    "survival_time_hours": 25.666666666666668,
    "survived_full_outage": false,
    "total_load_energy_kwh": 18330.605619310943,
    "total_pv_energy_kwh": 6460.2,
    "total_grid_energy_kwh": 598.3256434668205,
    "pv_penetration_percent": 35.242698109190144
  },
  "normal_operation": {
    "total_load_energy_kwh": 27474.7297151196,
    "total_pv_energy_kwh": 9690.3,
    "total_grid_energy_kwh": 17878.752168043193,
    "pv_penetration_percent": 35.269864710142485
  },
  "peak_load_outage": {
    "outage_duration_hours": 11.0,
    "critical_load_served_percent": 71.21885149498894,
    "load_shed_events": 132,
    "max_shed_load_kw": 117.6553220180997,
    "avg_shed_load_kw": 117.6553220180997,
    "min_battery_soc_percent": 20.000344392421713,
    "battery_cycles": 0.2720229745644464,
    "generator_runtime_hours": 10.916666666666666,
    "generator_fuel_consumed_liters": 1069.222308197449,
    "survival_time_hours": 11.0,
    "survived_full_outage": false,
    "total_load_energy_kwh": 9162.815957238345,
    "total_pv_energy_kwh": 3230.1,
    "total_grid_energy_kwh": 1026.829326918763,
    "pv_penetration_percent": 35.25226322425826
  }
}