{
  "night_emergency": {
    "outage_duration_hours": 4.0,
    "critical_load_served_percent": 95.0,
    "load_shed_events": 48,
    "max_shed_load_kw": 562.6659859652278,
    "avg_shed_load_kw": 562.6659859652278,
    "total_shed_energy_kwh": 2250.6639438609113,
    "min_battery_soc_percent": 10.000000000000002,
    "battery_cycles": 0.32562500625617846,
    "gen1_runtime_hours": 3.9166666666666665,
    "gen1_fuel_consumed_liters": 243.26923076923092,
    "gen2_runtime_hours": 3.9166666666666665,
    "gen2_fuel_consumed_liters": 459.99999999999994,
    "total_generator_runtime_hours": 7.833333333333333,
    "total_fuel_consumed_liters": 703.2692307692308,
    "survived_full_outage": false,
    "survival_time_hours": 4.0,
    "total_load_energy_kwh": 18417.330429127018,
    "total_pv_energy_kwh": 3256.5204,
    "total_grid_energy_kwh": 11226.855541763127,
    "pv_penetration_percent": 17.681826432618113,
    "critical_load_never_shed": false,
    "max_non_critical_shed_percent": 122.31869260113648
  },
  "daytime_outage": {
    "outage_duration_hours": 10.0,
    "critical_load_served_percent": 100.0,
    "load_shed_events": 120,
    "max_shed_load_kw": 432.9542638878178,
    "avg_shed_load_kw": 432.95426388781766,
    "total_shed_energy_kwh": 4329.542638878177,
    "min_battery_soc_percent": 10.000000000000002,
    "battery_cycles": 0.32404006597089363,
    "gen1_runtime_hours": 9.916666666666666,
    "gen1_fuel_consumed_liters": 570.8534927510171,
    "gen2_runtime_hours": 9.916666666666666,
    "gen2_fuel_consumed_liters": 1132.4708500400427,
    "total_generator_runtime_hours": 19.833333333333332,
    "total_fuel_consumed_liters": 1703.3243427910597,
    "survived_full_outage": false,
    "survival_time_hours": 10.0,
    "total_load_energy_kwh": 18399.096019971937,
    "total_pv_energy_kwh": 3256.5204,
    "total_grid_energy_kwh": 7063.002854557534,
    "pv_penetration_percent": 17.69934999233167,
    "critical_load_never_shed": true,
    "max_non_critical_shed_percent": 94.1204921495256
  },
  "extended_outage": {
    "outage_duration_hours": 26.0,
    "critical_load_served_percent": 100.0,
    "load_shed_events": 312,
    "max_shed_load_kw": 420.9052702406725,
    "avg_shed_load_kw": 420.9052702406725,
    "total_shed_energy_kwh": 10943.537026257483,
    "min_battery_soc_percent": 10.000000000000002,
    "battery_cycles": 0.3464740394500133,
    "gen1_runtime_hours": 25.916666666666668,
    "gen1_fuel_consumed_liters": 1424.2106369139065,
    "gen2_runtime_hours": 25.916666666666668,
    "gen2_fuel_consumed_liters": 2573.7200771985617,
    "total_generator_runtime_hours": 51.833333333333336,
    "total_fuel_consumed_liters": 3997.930714112468,
    "survived_full_outage": false,
    "survival_time_hours": 26.0,
    "total_load_energy_kwh": 27451.71652162254,
    "total_pv_energy_kwh": 4862.794300000001,
    "total_grid_energy_kwh": 5635.300699407155,
    "pv_penetration_percent": 17.713989929080707,
    "critical_load_never_shed": true,
    "max_non_critical_shed_percent": 91.50114570449402
  },
  "peak_load_outage": {
    "outage_duration_hours": 9.0,
    "critical_load_served_percent": 95.0,
    "load_shed_events": 108,
    "max_shed_load_kw": 550.7659051663479,
    "avg_shed_load_kw": 550.7659051663478,
    "total_shed_energy_kwh": 4956.893146497131,
    "min_battery_soc_percent": 10.000000000000618,
    "battery_cycles": 0.3407052029885767,
    "gen1_runtime_hours": 8.916666666666666,
    "gen1_fuel_consumed_liters": 525.2838724978526,
    "gen2_runtime_hours": 8.916666666666666,
    "gen2_fuel_consumed_liters": 1051.5539968977355,
    "total_generator_runtime_hours": 17.833333333333332,
    "total_fuel_consumed_liters": 1576.837869395588,
    "survived_full_outage": false,
    "survival_time_hours": 9.0,
    "total_load_energy_kwh": 18397.161842286878,
    "total_pv_energy_kwh": 3256.5204,
    "total_grid_energy_kwh": 7815.576888022204,
    "pv_penetration_percent": 17.70121080586849,
    "critical_load_never_shed": false,
    "max_non_critical_shed_percent": 119.73171851442346
  },
  "normal_operation": {
    "total_load_energy_kwh": 55306.41538702685,
    "total_pv_energy_kwh": 9769.561200000002,
    "total_grid_energy_kwh": 45171.10234761267,
    "pv_penetration_percent": 17.66442668835781,
    "critical_load_never_shed": true,
    "max_non_critical_shed_percent": 0.0
  }
}