{
  "total_load_energy_kwh": 27474.7297151196,
  "total_pv_energy_kwh": 9690.3,
  "total_grid_energy_kwh": 17878.752168043193,
  "pv_penetration_percent": 35.269864710142485
}