{
  "outage_duration_hours": 6.666666666666667,
  "critical_load_served_percent": 95.0,
  "load_shed_events": 80,
  "max_shed_load_kw": 284.2647443965818,
  "avg_shed_load_kw": 284.26474439658176,
  "total_shed_energy_kwh": 1895.0982959772116,
  "min_battery_soc_percent": 10.0000000004269,
  "battery_cycles": 0.36923076922879894,
  "gen1_runtime_hours": 6.583333333333333,
  "gen1_fuel_consumed_liters": 502.37184634816623,
  "gen2_runtime_hours": 6.583333333333333,
  "gen2_fuel_consumed_liters": 677.8987408731762,
  "total_generator_runtime_hours": 13.166666666666666,
  "total_fuel_consumed_liters": 1180.2705872213423,
  "survived_full_outage": false,
  "survival_time_hours": 6.666666666666667,
  "total_load_energy_kwh": 13853.449689632942,
  "total_pv_energy_kwh": 2153.4,
  "total_grid_energy_kwh": 3999.8485494134293,
  "pv_penetration_percent": 15.544142782078824,
  "critical_load_never_shed": false,
  "max_non_critical_shed_percent": 101.52312299877921
}