{
  "night_emergency": {
    "outage_duration_hours": 4.0,
    "critical_load_served_percent": 100.0,
    "load_shed_events": 48,
    "max_shed_load_kw": 225.0807696932725,
    "avg_shed_load_kw": 225.0807696932725,
    "total_shed_energy_kwh": 900.3230787730901,
    "min_battery_soc_percent": 10.000000000000163,
    "battery_cycles": 0.36923076923076875,
    "gen1_runtime_hours": 3.9166666666666665,
    "gen1_fuel_consumed_liters": 349.197080291971,
    "gen2_runtime_hours": 3.9166666666666665,
    "gen2_fuel_consumed_liters": 448.5,
    "total_generator_runtime_hours": 7.833333333333333,
    "total_fuel_consumed_liters": 797.697080291971,
    "survived_full_outage": false,
    "survival_time_hours": 4.0,
    "total_load_energy_kwh": 13818.779859647977,
    "total_pv_energy_kwh": 2153.4,
    "total_grid_energy_kwh": 7629.0764193959085,
    "pv_penetration_percent": 15.5831413617646,
    "critical_load_never_shed": true,
    "max_non_critical_shed_percent": 80.38598917616875
  },
  "daytime_outage": {
    "outage_duration_hours": 6.666666666666667,
    "critical_load_served_percent": 95.0,
    "load_shed_events": 80,
    "max_shed_load_kw": 284.2647443965818,
    "avg_shed_load_kw": 284.26474439658176,
    "total_shed_energy_kwh": 1895.0982959772116,
    "min_battery_soc_percent": 10.0000000004269,
    "battery_cycles": 0.36923076922879894,
    "gen1_runtime_hours": 6.583333333333333,
    "gen1_fuel_consumed_liters": 502.37184634816623,
    "gen2_runtime_hours": 6.583333333333333,
    "gen2_fuel_consumed_liters": 677.8987408731762,
    "total_generator_runtime_hours": 13.166666666666666,
    "total_fuel_consumed_liters": 1180.2705872213423,
    "survived_full_outage": false,
    "survival_time_hours": 6.666666666666667,
    "total_load_energy_kwh": 13853.449689632942,
    "total_pv_energy_kwh": 2153.4,
    "total_grid_energy_kwh": 3999.8485494134293,
    "pv_penetration_percent": 15.544142782078824,
    "critical_load_never_shed": false,
    "max_non_critical_shed_percent": 101.52312299877921
  },
  "extended_outage": {
    "outage_duration_hours": 12.0,
    "critical_load_served_percent": 95.0,
    "load_shed_events": 144,
    "max_shed_load_kw": 289.5366011778485,
    "avg_shed_load_kw": 289.5366011778485,
    "total_shed_energy_kwh": 3474.439214134182,
    "min_battery_soc_percent": 10.000000000008006,
    "battery_cycles": 0.3692307692307324,
    "gen1_runtime_hours": 11.916666666666666,
    "gen1_fuel_consumed_liters": 801.5532193501049,
    "gen2_runtime_hours": 11.916666666666666,
    "gen2_fuel_consumed_liters": 1012.2781931891957,
    "total_generator_runtime_hours": 23.833333333333332,
    "total_fuel_consumed_liters": 1813.8314125393006,
    "survived_full_outage": false,
    "survival_time_hours": 12.0,
    "total_load_energy_kwh": 20710.96240545432,
    "total_pv_energy_kwh": 3215.55,
    "total_grid_energy_kwh": 1921.5180949327032,
    "pv_penetration_percent": 15.525835724336845,
    "critical_load_never_shed": false,
    "max_non_critical_shed_percent": 103.40592899208876
  },
  "peak_load_outage": {
    "outage_duration_hours": 5.583333333333333,
    "critical_load_served_percent": 95.0,
    "load_shed_events": 67,
    "max_shed_load_kw": 293.4687558898539,
    "avg_shed_load_kw": 293.46875588985404,
    "total_shed_energy_kwh": 1638.5338870516846,
    "min_battery_soc_percent": 10.000000611429469,
    "battery_cycles": 0.3692307664087874,
    "gen1_runtime_hours": 5.5,
    "gen1_fuel_consumed_liters": 450.1320993872787,
    "gen2_runtime_hours": 5.5,
    "gen2_fuel_consumed_liters": 612.8148125675976,
    "total_generator_runtime_hours": 11.0,
    "total_fuel_consumed_liters": 1062.9469119548762,
    "survived_full_outage": false,
    "survival_time_hours": 5.583333333333333,
    "total_load_energy_kwh": 13829.62538485521,
    "total_pv_energy_kwh": 2153.4,
    "total_grid_energy_kwh": 4345.556967260343,
    "pv_penetration_percent": 15.570920687108295,
    "critical_load_never_shed": false,
    "max_non_critical_shed_percent": 104.81026996066211
  },
  "normal_operation": {
    "total_load_energy_kwh": 41596.70728067132,
    "total_pv_energy_kwh": 6460.2,
    "total_grid_energy_kwh": 33308.82875831679,
    "pv_penetration_percent": 15.530556196215684,
    "critical_load_never_shed": true,
    "max_non_critical_shed_percent": 0.0
  }
}