{
  "outage_duration_hours": 22.0,
  "critical_load_served_percent": 100.0,
  "load_shed_events": 264,
  "max_shed_load_kw": 135.14272490559821,
  "avg_shed_load_kw": 135.14272490559824,
  "total_shed_energy_kwh": 2973.1399479231613,
  "ac_outage_minutes": 1800.0,
  "ev_charging_blocked_minutes": 1760.0,
  "percent_time_ac_unavailable": 136.36363636363635,
  "percent_time_ev_blocked": 133.33333333333331,
  "min_battery_soc_percent": 15.000000000000002,
  "battery_cycles": 0.5015815549197575,
  "gen1_runtime_hours": 21.333333333333332,
  "gen1_fuel_consumed_liters": 1509.828793291402,
  "generator_used": true,
  "survived_full_outage": false,
  "survival_time_hours": 22.0,
  "comfort_score": 0,
  "total_load_energy_kwh": 13168.262460137455,
  "total_pv_energy_kwh": 1645.0494125000002,
  "total_grid_energy_kwh": 3321.6153215272507,
  "pv_penetration_percent": 12.492532082192632,
  "critical_load_protected": true,
  "max_non_critical_shed_percent": 28.154734355332963
}