{
  "outage_duration_hours": 12.0,
  "critical_load_served_percent": 95.0,
  "load_shed_events": 144,
  "max_shed_load_kw": 289.5366011778485,
  "avg_shed_load_kw": 289.5366011778485,
  "total_shed_energy_kwh": 3474.439214134182,
  "min_battery_soc_percent": 10.000000000008006,
  "battery_cycles": 0.3692307692307324,
  "gen1_runtime_hours": 11.916666666666666,
  "gen1_fuel_consumed_liters": 801.5532193501049,
  "gen2_runtime_hours": 11.916666666666666,
  "gen2_fuel_consumed_liters": 1012.2781931891957,
  "total_generator_runtime_hours": 23.833333333333332,
  "total_fuel_consumed_liters": 1813.8314125393006,
  "survived_full_outage": false,
  "survival_time_hours": 12.0,
  "total_load_energy_kwh": 20710.96240545432,
  "total_pv_energy_kwh": 3215.55,
  "total_grid_energy_kwh": 1921.5180949327032,
  "pv_penetration_percent": 15.525835724336845,
  "critical_load_never_shed": false,
  "max_non_critical_shed_percent": 103.40592899208876
}